URL,Version,Status,OIDs,Name,Title,Description,Uses,Used,Sources
http://hl7.org/fhir/ValueSet/additional-instruction-codes,4.0.1,draft,"2.16.840.1.113883.4.642.3.95",SNOMEDCTAdditionalDosageInstructions,SNOMED CT Additional Dosage Instructions,"This value set includes all SNOMED CT Additional Dosage Instructions.","StructureDefinition/au-dosage","SCT"
http://hl7.org/fhir/ValueSet/address-type,4.0.1,active,"2.16.840.1.113883.4.642.3.69",AddressType,AddressType,"The type of an address (physical / postal).","StructureDefinition/au-address","hl7.fhir.r4.core"
http://hl7.org/fhir/ValueSet/address-use,4.0.1,active,"2.16.840.1.113883.4.642.3.67",AddressUse,AddressUse,"The use of an address.","StructureDefinition/au-address","hl7.fhir.r4.core"
http://hl7.org/fhir/ValueSet/administration-method-codes,4.0.1,draft,"2.16.840.1.113883.4.642.3.97",SNOMEDCTAdministrationMethodCodes,SNOMED CT Administration Method Codes,"This value set includes some method codes from SNOMED CT - provided as an exemplar","StructureDefinition/au-dosage,StructureDefinition/au-medicationadministration","SCT"
http://hl7.org/fhir/ValueSet/administrative-gender,4.0.1,active,"2.16.840.1.113883.4.642.3.1",AdministrativeGender,AdministrativeGender,"The gender of a person used for administrative purposes.","StructureDefinition/au-practitioner,StructureDefinition/au-relatedperson,StructureDefinition/au-patient","hl7.fhir.r4.core"
http://hl7.org/fhir/ValueSet/allergy-intolerance-category,4.0.1,draft,"2.16.840.1.113883.4.642.3.133",AllergyIntoleranceCategory,AllergyIntoleranceCategory,"Category of an identified substance associated with allergies or intolerances.","StructureDefinition/au-allergyintolerance","hl7.fhir.r4.core"
http://hl7.org/fhir/ValueSet/allergy-intolerance-criticality,4.0.1,draft,"2.16.840.1.113883.4.642.3.129",AllergyIntoleranceCriticality,AllergyIntoleranceCriticality,"Estimate of the potential clinical harm, or seriousness, of a reaction to an identified substance.","StructureDefinition/au-allergyintolerance","hl7.fhir.r4.core"
http://hl7.org/fhir/ValueSet/allergy-intolerance-type,4.0.1,draft,"2.16.840.1.113883.4.642.3.131",AllergyIntoleranceType,AllergyIntoleranceType,"Identification of the underlying physiological mechanism for a Reaction Risk.","StructureDefinition/au-allergyintolerance","hl7.fhir.r4.core"
http://hl7.org/fhir/ValueSet/allergyintolerance-clinical,4.0.1,draft,"2.16.840.1.113883.4.642.3.1372",AllergyIntoleranceClinicalStatusCodes,AllergyIntolerance Clinical Status Codes,"Preferred value set for AllergyIntolerance Clinical Status.","StructureDefinition/au-allergyintolerance","THO"
http://hl7.org/fhir/ValueSet/allergyintolerance-verification,4.0.1,draft,"2.16.840.1.113883.4.642.3.1370",AllergyIntoleranceVerificationStatusCodes,AllergyIntolerance Verification Status Codes,"Preferred value set for AllergyIntolerance Verification Status.","StructureDefinition/au-allergyintolerance","THO"
http://hl7.org/fhir/ValueSet/body-site,4.0.1,draft,"2.16.840.1.113883.4.642.3.141",SNOMEDCTBodyStructures,SNOMED CT Body Structures,"This value set includes all codes from [SNOMED CT](http://snomed.info/sct) where concept is-a 442083009 (Anatomical or acquired body site (body structure)).","StructureDefinition/au-pathologyresult,StructureDefinition/au-norelevantfinding,StructureDefinition/au-diagnosticresult","SCT"
http://hl7.org/fhir/ValueSet/bodystructure-code,4.0.1,draft,"2.16.840.1.113883.4.642.3.142",SNOMEDCTMorphologicAbnormalities,SNOMED CT Morphologic Abnormalities,"This value set includes all codes from [SNOMED CT](http://snomed.info/sct) where concept is-a 442083009 (Anatomical or acquired body site (body structure)).","StructureDefinition/au-bodystructure","SCT"
http://hl7.org/fhir/ValueSet/composition-attestation-mode,4.0.1,draft,"2.16.840.1.113883.4.642.3.238",CompositionAttestationMode,CompositionAttestationMode,"The way in which a person authenticated a composition.","StructureDefinition/au-composition","hl7.fhir.r4.core"
http://hl7.org/fhir/ValueSet/composition-status,4.0.1,draft,"2.16.840.1.113883.4.642.3.241",CompositionStatus,CompositionStatus,"The workflow/clinical status of the composition.","StructureDefinition/au-composition","hl7.fhir.r4.core"
http://hl7.org/fhir/ValueSet/condition-category,4.0.1,draft,"2.16.840.1.113883.4.642.3.162",ConditionCategoryCodes,Condition Category Codes,"Preferred value set for Condition Categories.","StructureDefinition/au-condition","THO"
http://hl7.org/fhir/ValueSet/condition-clinical,4.0.1,draft,"2.16.840.1.113883.4.642.3.164",ConditionClinicalStatusCodes,Condition Clinical Status Codes,"Preferred value set for Condition Clinical Status.","StructureDefinition/au-condition","THO"
http://hl7.org/fhir/ValueSet/condition-code,4.0.1,draft,"2.16.840.1.113883.4.642.3.161",Condition/Problem/DiagnosisCodes,Condition/Problem/Diagnosis Codes,"Example value set for Condition/Problem/Diagnosis codes.","StructureDefinition/au-procedure","SCT"
http://hl7.org/fhir/ValueSet/condition-severity,4.0.1,draft,"2.16.840.1.113883.4.642.3.168",Condition/DiagnosisSeverity,Condition/Diagnosis Severity,"Preferred value set for Condition/Diagnosis severity grading.","StructureDefinition/au-condition","SCT"
http://hl7.org/fhir/ValueSet/condition-stage,4.0.1,draft,"2.16.840.1.113883.4.642.3.170",ConditionStage,Condition Stage,"Example value set for stages of cancer and other conditions.","StructureDefinition/au-condition","SCT"
http://hl7.org/fhir/ValueSet/condition-stage-type,4.0.1,draft,"2.16.840.1.113883.4.642.3.171",ConditionStageType,Condition Stage Type,"Example value set for the type of stages of cancer and other conditions","StructureDefinition/au-condition","SCT"
http://hl7.org/fhir/ValueSet/condition-ver-status,4.0.1,draft,"2.16.840.1.113883.4.642.3.166",ConditionVerificationStatus,ConditionVerificationStatus,"The verification status to support or decline the clinical status of the condition or diagnosis.","StructureDefinition/au-condition","THO"
http://hl7.org/fhir/ValueSet/coverage-class,4.0.1,draft,"2.16.840.1.113883.4.642.3.1009",CoverageClassCodes,Coverage Class Codes,"This value set includes Coverage Class codes.","StructureDefinition/au-coverage","THO"
http://hl7.org/fhir/ValueSet/coverage-copay-type,4.0.1,draft,"2.16.840.1.113883.4.642.3.527",CoverageCopayTypeCodes,Coverage Copay Type Codes,"This value set includes sample Coverage Copayment Type codes.","StructureDefinition/au-coverage","THO"
http://hl7.org/fhir/ValueSet/coverage-financial-exception,4.0.1,draft,"2.16.840.1.113883.4.642.3.1328",ExampleCoverageFinancialExceptionCodes,Example Coverage Financial Exception Codes,"This value set includes Example Coverage Financial Exception Codes.","StructureDefinition/au-coverage","THO"
http://hl7.org/fhir/ValueSet/data-absent-reason,4.0.1,active,"2.16.840.1.113883.4.642.3.5",DataAbsentReason,DataAbsentReason,"Used to specify why the normally expected content of the data element is missing.","StructureDefinition/au-imagingresult,StructureDefinition/au-pathologyresult,StructureDefinition/au-norelevantfinding,StructureDefinition/au-diagnosticresult","THO"
http://hl7.org/fhir/ValueSet/days-of-week,4.0.1,active,"2.16.840.1.113883.4.642.3.512",DaysOfWeek,DaysOfWeek,"The days of the week.","StructureDefinition/au-healthcareservice,StructureDefinition/au-practitionerrole,StructureDefinition/au-location","hl7.fhir.r4.core"
http://hl7.org/fhir/ValueSet/device-action,4.0.1,draft,"2.16.840.1.113883.4.642.3.425",ProcedureDeviceActionCodes,Procedure Device Action Codes,"Example codes indicating the change that happened to the device during the procedure.  Note that these are in no way complete and might not even be appropriate for some uses.","StructureDefinition/au-procedure","SCT"
http://hl7.org/fhir/ValueSet/device-kind,4.0.1,draft,"2.16.840.1.113883.4.642.3.208",FHIRDeviceTypes,FHIR Device Types,"Codes used to identify medical devices. Includes concepts from SNOMED CT (http://www.snomed.org/) where concept is-a 49062001 (Device)  and is provided as a suggestive example.","StructureDefinition/au-procedure","SCT"
http://hl7.org/fhir/ValueSet/diagnosis-role,4.0.1,draft,"2.16.840.1.113883.4.642.3.49",DiagnosisRole,DiagnosisRole,"This value set defines a set of codes that can be used to express the role of a diagnosis on the Encounter or EpisodeOfCare record.","StructureDefinition/au-encounter","THO"
http://hl7.org/fhir/ValueSet/diagnostic-report-status,4.0.1,draft,"2.16.840.1.113883.4.642.3.235",DiagnosticReportStatus,DiagnosticReportStatus,"The status of the diagnostic report.","StructureDefinition/au-diagnosticreport,StructureDefinition/au-imagingreport,StructureDefinition/au-pathologyreport","hl7.fhir.r4.core"
http://hl7.org/fhir/ValueSet/diagnostic-service-sections,4.0.1,draft,"2.16.840.1.113883.4.642.3.234",DiagnosticServiceSectionCodes,Diagnostic Service Section Codes,"This value set includes all the codes in HL7 V2 table 0074.","StructureDefinition/au-diagnosticreport,StructureDefinition/au-imagingreport,StructureDefinition/au-diagnosticresult","THO (V2)"
http://hl7.org/fhir/ValueSet/doc-section-codes,4.0.1,draft,"2.16.840.1.113883.4.642.3.237",DocumentSectionCodes,Document Section Codes,"Document section codes (LOINC codes used in CCDA sections).","StructureDefinition/au-composition","LOINC"
http://hl7.org/fhir/ValueSet/doc-typecodes,4.0.1,draft,"2.16.840.1.113883.4.642.3.240",FHIRDocumentTypeCodes,FHIR Document Type Codes,"FHIR Document Codes - all LOINC codes where scale type = 'DOC'.","StructureDefinition/au-composition","LOINC"
http://hl7.org/fhir/ValueSet/document-classcodes,4.0.1,active,"2.16.840.1.113883.3.88.12.80.46",DocumentClassValueSet,Document Class Value Set,"This is the code specifying the high-level kind of document (e.g. Prescription, Discharge Summary, Report, etc.). Note: Class code for documents comes from LOINC, and is based upon one of the following:The type of service described by the document. It is described at a very high level in Section 7.3 of the LOINC Manual. The type study performed. It was determined by identifying modalities for study reports. The section of the chart where the document is placed. It was determined from the SETs created for Claims Attachment requests.","StructureDefinition/au-composition","LOINC"
http://hl7.org/fhir/ValueSet/document-relationship-type,4.0.1,draft,"2.16.840.1.113883.4.642.3.244",DocumentRelationshipType,DocumentRelationshipType,"The type of relationship between documents.","StructureDefinition/au-composition","hl7.fhir.r4.core"
http://hl7.org/fhir/ValueSet/dose-rate-type,4.0.1,draft,"2.16.840.1.113883.4.642.3.981",DoseAndRateType,DoseAndRateType,"The kind of dose or rate specified.","StructureDefinition/au-dosage","THO"
http://hl7.org/fhir/ValueSet/encounter-admit-source,4.0.1,draft,"2.16.840.1.113883.4.642.3.257",AdmitSource,Admit source,"This value set defines a set of codes that can be used to indicate from where the patient came in.","StructureDefinition/au-encounter","THO"
http://hl7.org/fhir/ValueSet/encounter-diet,4.0.1,draft,"2.16.840.1.113883.4.642.3.255",Diet,Diet,"This value set defines a set of codes that can be used to indicate dietary preferences or restrictions a patient may have.","StructureDefinition/au-encounter","THO"
http://hl7.org/fhir/ValueSet/encounter-location-status,4.0.1,draft,"2.16.840.1.113883.4.642.3.262",EncounterLocationStatus,EncounterLocationStatus,"The status of the location.","StructureDefinition/au-encounter","hl7.fhir.r4.core"
http://hl7.org/fhir/ValueSet/encounter-participant-type,4.0.1,draft,"2.16.840.1.113883.4.642.3.250",ParticipantType,Participant type,"This value set defines a set of codes that can be used to indicate how an individual participates in an encounter.","StructureDefinition/au-encounter","THO (V3),THO"
http://hl7.org/fhir/ValueSet/encounter-special-arrangements,4.0.1,draft,"2.16.840.1.113883.4.642.3.253",SpecialArrangements,Special arrangements,"This value set defines a set of codes that can be used to indicate the kinds of special arrangements in place for a patients visit.","StructureDefinition/au-encounter","THO"
http://hl7.org/fhir/ValueSet/encounter-special-courtesy,4.0.1,draft,"2.16.840.1.113883.4.642.3.252",SpecialCourtesy,Special courtesy,"This value set defines a set of codes that can be used to indicate special courtesies provided to the patient.","StructureDefinition/au-encounter","THO (V3)"
http://hl7.org/fhir/ValueSet/encounter-status,4.0.1,draft,"2.16.840.1.113883.4.642.3.246",EncounterStatus,EncounterStatus,"Current state of the encounter.","StructureDefinition/au-encounter","hl7.fhir.r4.core"
http://hl7.org/fhir/ValueSet/endpoint-connection-type,4.0.1,draft,"2.16.840.1.113883.4.642.3.498",EndpointConnectionType,Endpoint Connection Type,"This is an example value set defined by the FHIR project, that could be used to represent possible connection type profile values.","StructureDefinition/au-endpoint","THO"
http://hl7.org/fhir/ValueSet/endpoint-payload-type,4.0.1,draft,"2.16.840.1.113883.4.642.3.496",EndpointPayloadType,Endpoint Payload Type,"This is an example value set defined by the FHIR project, that could be used to represent possible payload document types.","StructureDefinition/au-endpoint","THO,Other"
http://hl7.org/fhir/ValueSet/endpoint-status,4.0.1,draft,"2.16.840.1.113883.4.642.3.494",EndpointStatus,EndpointStatus,"The status of the endpoint.","StructureDefinition/au-endpoint","hl7.fhir.r4.core"
http://hl7.org/fhir/ValueSet/event-status,4.0.1,draft,"2.16.840.1.113883.4.642.3.109",EventStatus,EventStatus,"Codes identifying the lifecycle stage of an event.","StructureDefinition/au-procedure","hl7.fhir.r4.core"
http://hl7.org/fhir/ValueSet/fm-status,4.0.1,draft,"2.16.840.1.113883.4.642.3.592",FinancialResourceStatusCodes,Financial Resource Status Codes,"This value set includes Status codes.","StructureDefinition/au-coverage","hl7.fhir.r4.core"
http://hl7.org/fhir/ValueSet/identifier-type,4.0.1,active,"2.16.840.1.113883.4.642.3.45",Identifier Type Codes,IdentifierType,"A coded type for an identifier that can be used to determine which identifier to use for a specific purpose.","StructureDefinition/au-pensionerconcessioncardnumber,StructureDefinition/au-localdispenseidentifier,StructureDefinition/au-paioidentifier,StructureDefinition/au-careagencyemployeeidentifier,StructureDefinition/au-hae,StructureDefinition/au-deliverypointidentifier,StructureDefinition/au-hpii,StructureDefinition/au-pharmacyapprovalnumber,StructureDefinition/au-etpprescriptionidentifier,StructureDefinition/au-hpio,StructureDefinition/au-insurancemembernumber,StructureDefinition/au-employeenumber,StructureDefinition/au-nationalprovideridentifieratorganisation,StructureDefinition/au-gnafidentifier,StructureDefinition/au-residentialagedcareserviceidentifier,StructureDefinition/au-australianbusinessnumber,StructureDefinition/au-medicalrecordnumber,StructureDefinition/au-australiancompanynumber,StructureDefinition/au-ihi,StructureDefinition/au-localreportidentifier,StructureDefinition/au-ahpraregistrationnumber,StructureDefinition/au-pbsprescribernumber,StructureDefinition/au-hspo,StructureDefinition/au-australianregistredbodynumber,StructureDefinition/au-cwlthseniorshealthcardnumber,StructureDefinition/au-locationspecificpracticenumber,StructureDefinition/au-nataaccreditationnumber,StructureDefinition/au-natasitenumber,StructureDefinition/au-localprescriptionidentifier,StructureDefinition/au-medicareprovidernumber,StructureDefinition/au-pi,StructureDefinition/au-cspregistrationnumber,StructureDefinition/au-paididentifier,StructureDefinition/au-healthcarecardnumber,StructureDefinition/au-medicarecardnumber","THO (V2)"
http://hl7.org/fhir/ValueSet/identifier-use,4.0.1,active,"2.16.840.1.113883.4.642.3.57",IdentifierUse,IdentifierUse,"Identifies the purpose for this identifier, if known .","StructureDefinition/au-pensionerconcessioncardnumber,StructureDefinition/au-localdispenseidentifier,StructureDefinition/au-paioidentifier,StructureDefinition/au-careagencyemployeeidentifier,StructureDefinition/au-hae,StructureDefinition/au-deliverypointidentifier,StructureDefinition/au-hpii,StructureDefinition/au-pharmacyapprovalnumber,StructureDefinition/au-etpprescriptionidentifier,StructureDefinition/au-hpio,StructureDefinition/au-insurancemembernumber,StructureDefinition/au-employeenumber,StructureDefinition/au-nationalprovideridentifieratorganisation,StructureDefinition/au-gnafidentifier,StructureDefinition/au-dvanumber,StructureDefinition/au-localorderidentifier,StructureDefinition/au-residentialagedcareserviceidentifier,StructureDefinition/au-australianbusinessnumber,StructureDefinition/au-medicalrecordnumber,StructureDefinition/au-australiancompanynumber,StructureDefinition/au-ihi,StructureDefinition/au-localreportidentifier,StructureDefinition/au-ahpraregistrationnumber,StructureDefinition/au-pbsprescribernumber,StructureDefinition/au-hspo,StructureDefinition/au-australianregistredbodynumber,StructureDefinition/au-accessionnumber,StructureDefinition/au-cwlthseniorshealthcardnumber,StructureDefinition/au-locationspecificpracticenumber,StructureDefinition/au-nataaccreditationnumber,StructureDefinition/au-natasitenumber,StructureDefinition/au-localprescriptionidentifier,StructureDefinition/au-medicareprovidernumber,StructureDefinition/au-pi,StructureDefinition/au-cspregistrationnumber,StructureDefinition/au-paididentifier,StructureDefinition/au-healthcarecardnumber,StructureDefinition/au-medicarecardnumber","hl7.fhir.r4.core"
http://hl7.org/fhir/ValueSet/immunization-funding-source,4.0.1,draft,"2.16.840.1.113883.4.642.3.293",ImmunizationFundingSource,Immunization Funding Source,"The value set to instantiate this attribute should be drawn from a terminologically robust code system that consists of or contains concepts to support describing the source of the vaccine administered. This value set is provided as a suggestive example.","StructureDefinition/au-immunization","THO"
http://hl7.org/fhir/ValueSet/immunization-origin,4.0.1,draft,"2.16.840.1.113883.4.642.3.296",ImmunizationOriginCodes,Immunization Origin Codes,"The value set to instantiate this attribute should be drawn from a terminologically robust code system that consists of or contains concepts to support describing the source of the data when the report of the immunization event is not based on information from the person, entity or organization who administered the vaccine. This value set is provided as a suggestive example.","StructureDefinition/au-immunization","THO"
http://hl7.org/fhir/ValueSet/immunization-program-eligibility,4.0.1,draft,"2.16.840.1.113883.4.642.3.291",ImmunizationProgramEligibility,Immunization Program Eligibility,"The value set to instantiate this attribute should be drawn from a terminologically robust code system that consists of or contains concepts to support describing the patient's eligibility for a vaccination program. This value set is provided as a suggestive example.","StructureDefinition/au-immunization","THO"
http://hl7.org/fhir/ValueSet/immunization-status,4.0.1,draft,"2.16.840.1.113883.4.642.3.295",ImmunizationStatusCodes,Immunization Status Codes,"The value set to instantiate this attribute should be drawn from a terminologically robust code system that consists of or contains concepts to support describing the current status of the administered dose of vaccine.","StructureDefinition/au-immunization","hl7.fhir.r4.core"
http://hl7.org/fhir/ValueSet/immunization-subpotent-reason,4.0.1,draft,"2.16.840.1.113883.4.642.3.993",ImmunizationSubpotentReason,Immunization Subpotent Reason,"The value set to instantiate this attribute should be drawn from a terminologically robust code system that consists of or contains concepts to support describing the reason why a dose is considered to be subpotent. This value set is provided as a suggestive example.","StructureDefinition/au-immunization","THO"
http://hl7.org/fhir/ValueSet/languages,4.0.1,draft,"2.16.840.1.113883.4.642.3.20",CommonLanguages,Common Languages,"This value set includes common codes from BCP-47 (http://tools.ietf.org/html/bcp47)","StructureDefinition/au-healthcareservice,StructureDefinition/au-composition,StructureDefinition/au-endpoint,StructureDefinition/au-patient,StructureDefinition/au-medicationdispense,StructureDefinition/au-norelevantfinding,StructureDefinition/au-medicationadministration,StructureDefinition/au-allergyintolerance,StructureDefinition/au-bodystructure,StructureDefinition/au-diagnosticreport,StructureDefinition/au-practitioner,StructureDefinition/au-relatedperson,StructureDefinition/au-medicationstatement,StructureDefinition/au-pathologyresult,StructureDefinition/au-coverage,StructureDefinition/au-condition,StructureDefinition/au-servicerequest,StructureDefinition/au-specimen,StructureDefinition/au-medlist,StructureDefinition/au-medicationrequest,StructureDefinition/au-location,StructureDefinition/au-pathologyreport,StructureDefinition/au-diagnosticresult,StructureDefinition/au-imagingreport,StructureDefinition/au-diagnosticrequest,StructureDefinition/au-imagingresult,StructureDefinition/au-practitionerrole,StructureDefinition/au-substance,StructureDefinition/au-encounter,StructureDefinition/au-procedure,StructureDefinition/au-immunization,StructureDefinition/au-organization,StructureDefinition/au-medication","hl7.fhir.uv.xver-r5.r4"
http://hl7.org/fhir/ValueSet/link-type,4.0.1,active,"2.16.840.1.113883.4.642.3.423",LinkType,LinkType,"The type of link between this patient resource and another patient resource.","StructureDefinition/au-patient","hl7.fhir.r4.core"
http://hl7.org/fhir/ValueSet/list-empty-reason,4.0.1,draft,"2.16.840.1.113883.4.642.3.322",ListEmptyReasons,List Empty Reasons,"General reasons for a list to be empty. Reasons are either related to a summary list (i.e. problem or medication list) or to a workflow related list (i.e. consultation list).","StructureDefinition/au-composition,StructureDefinition/au-medlist","THO"
http://hl7.org/fhir/ValueSet/list-example-codes,4.0.1,draft,"2.16.840.1.113883.4.642.3.316",ExampleUseCodesForList,Example Use Codes for List,"Example use codes for the List resource - typical kinds of use.","StructureDefinition/au-medlist","THO"
http://hl7.org/fhir/ValueSet/list-mode,4.0.1,draft,"2.16.840.1.113883.4.642.3.318",ListMode,ListMode,"The processing mode that applies to this list.","StructureDefinition/au-composition,StructureDefinition/au-medlist","hl7.fhir.r4.core"
http://hl7.org/fhir/ValueSet/list-order,4.0.1,draft,"2.16.840.1.113883.4.642.3.324",ListOrderCodes,List Order Codes,"Base values for the order of the items in a list resource.","StructureDefinition/au-composition,StructureDefinition/au-medlist","THO"
http://hl7.org/fhir/ValueSet/list-status,4.0.1,draft,"2.16.840.1.113883.4.642.3.326",ListStatus,ListStatus,"The current state of the list.","StructureDefinition/au-medlist","hl7.fhir.r4.core"
http://hl7.org/fhir/ValueSet/location-mode,4.0.1,draft,"2.16.840.1.113883.4.642.3.330",LocationMode,LocationMode,"Indicates whether a resource instance represents a specific location or a class of locations.","StructureDefinition/au-location","hl7.fhir.r4.core"
http://hl7.org/fhir/ValueSet/location-physical-type,4.0.1,draft,"2.16.840.1.113883.4.642.3.328",LocationType,Location type,"This example value set defines a set of codes that can be used to indicate the physical form of the Location.","StructureDefinition/au-encounter","THO"
http://hl7.org/fhir/ValueSet/location-status,4.0.1,draft,"2.16.840.1.113883.4.642.3.332",LocationStatus,LocationStatus,"Indicates whether the location is still in use.","StructureDefinition/au-location","hl7.fhir.r4.core"
http://hl7.org/fhir/ValueSet/marital-status,4.0.1,active,"2.16.840.1.113883.4.642.3.29",Marital Status Codes,MaritalStatus,"This value set defines the set of codes that can be used to indicate the marital status of a person.","StructureDefinition/au-patient","THO (V3)"
http://hl7.org/fhir/ValueSet/med-admin-perform-function,4.0.1,draft,"2.16.840.1.113883.4.642.3.349",MedicationAdministration Performer Function Codes,Medication administration  performer  function  codes,"MedicationAdministration Performer Function Codes","StructureDefinition/au-medicationadministration","THO"
http://hl7.org/fhir/ValueSet/medication-admin-category,4.0.1,draft,"2.16.840.1.113883.4.642.3.347",MedicationAdministration Category Codes,Medication administration  category  codes,"MedicationAdministration Category Codes","StructureDefinition/au-medicationadministration","THO"
http://hl7.org/fhir/ValueSet/medication-admin-status,4.0.1,draft,"2.16.840.1.113883.4.642.3.340",MedicationAdministration Status Codes,Medication administration  status  codes,"MedicationAdministration Status Codes","StructureDefinition/au-medicationadministration","THO"
http://hl7.org/fhir/ValueSet/medication-as-needed-reason,4.0.1,draft,"2.16.840.1.113883.4.642.3.96",SNOMEDCTMedicationAsNeededReasonCodes,SNOMED CT Medication As Needed Reason Codes,"This value set includes all clinical findings from SNOMED CT - provided as an exemplar value set.","StructureDefinition/au-servicerequest,StructureDefinition/au-diagnosticrequest","SCT"
http://hl7.org/fhir/ValueSet/medication-codes,4.0.1,draft,"2.16.840.1.113883.4.642.3.375",SNOMEDCTMedicationCodes,SNOMED CT Medication Codes,"This value set includes all drug or medicament substance codes and all pharmaceutical/biologic products from SNOMED CT - provided as an exemplar value set.","StructureDefinition/au-medicationstatement,StructureDefinition/au-medicationrequest,StructureDefinition/au-medicationdispense,StructureDefinition/au-medication,StructureDefinition/au-medicationadministration","SCT"
http://hl7.org/fhir/ValueSet/medication-statement-category,4.0.1,draft,"2.16.840.1.113883.4.642.3.370",Medication usage category codes,Medication usage category codes,"Medication Status Codes","StructureDefinition/au-medicationstatement","THO"
http://hl7.org/fhir/ValueSet/medication-statement-status,4.0.1,draft,"2.16.840.1.113883.4.642.3.367",Medication Status Codes,Medication  status  codes,"Medication Status Codes","StructureDefinition/au-medicationstatement","hl7.fhir.r4.core"
http://hl7.org/fhir/ValueSet/medication-status,4.0.1,draft,"2.16.840.1.113883.4.642.3.376",Medication Status Codes,Medication  status  codes,"Medication Status Codes","StructureDefinition/au-medication","hl7.fhir.r4.core"
http://hl7.org/fhir/ValueSet/medicationdispense-category,4.0.1,draft,"2.16.840.1.113883.4.642.3.1314",MedicationDispense Category Codes,Medication dispense  category  codes,"MedicationDispense Category Codes","StructureDefinition/au-medicationdispense","THO"
http://hl7.org/fhir/ValueSet/medicationdispense-performer-function,4.0.1,draft,"2.16.840.1.113883.4.642.3.1318",MedicationDispense Performer Function Codes,Medication dispense  performer  function  codes,"MedicationDispense Performer Function Codes","StructureDefinition/au-medicationdispense","THO"
http://hl7.org/fhir/ValueSet/medicationdispense-status,4.0.1,draft,"2.16.840.1.113883.4.642.3.1312",MedicationDispense Status Codes,Medication dispense  status  codes,"MedicationDispense Status Codes","StructureDefinition/au-medicationdispense","THO"
http://hl7.org/fhir/ValueSet/medicationdispense-status-reason,4.0.1,draft,"2.16.840.1.113883.4.642.3.1316",MedicationDispense Status Reason Codes,Medication dispense  status  reason  codes,"MedicationDispense Status Codes","StructureDefinition/au-medicationdispense","THO"
http://hl7.org/fhir/ValueSet/medicationrequest-category,4.0.1,draft,"2.16.840.1.113883.4.642.3.1322",medicationRequest Category Codes,Medication request  category  codes,"MedicationRequest Category Codes","StructureDefinition/au-medicationrequest","THO"
http://hl7.org/fhir/ValueSet/medicationrequest-course-of-therapy,4.0.1,draft,"2.16.840.1.113883.4.642.3.1326",medicationRequest Course of Therapy Codes,Medication request  course of  therapy  codes,"MedicationRequest Course of Therapy Codes","StructureDefinition/au-medicationrequest","THO"
http://hl7.org/fhir/ValueSet/medicationrequest-intent,4.0.1,draft,"2.16.840.1.113883.4.642.3.1321",medicationRequest Intent,Medication request  intent,"MedicationRequest Intent Codes","StructureDefinition/au-medicationrequest","hl7.fhir.r4.core"
http://hl7.org/fhir/ValueSet/medicationrequest-status,4.0.1,draft,"2.16.840.1.113883.4.642.3.1320",medicationrequest Status,Medicationrequest  status,"MedicationRequest Status Codes","StructureDefinition/au-medicationrequest","hl7.fhir.r4.core"
http://hl7.org/fhir/ValueSet/medicationrequest-status-reason,4.0.1,draft,"2.16.840.1.113883.4.642.3.1324",medicationRequest Status Reason Codes,Medication request  status  reason  codes,"MedicationRequest Status Reason Codes","StructureDefinition/au-medicationrequest","THO"
http://hl7.org/fhir/ValueSet/mimetypes,4.0.1,active,"2.16.840.1.113883.4.642.3.1024",Mime Types,MimeType,"This value set includes all possible codes from BCP-13 (http://tools.ietf.org/html/bcp13)","StructureDefinition/au-endpoint","Other"
http://hl7.org/fhir/ValueSet/observation-category,4.0.1,draft,"2.16.840.1.113883.4.642.3.403",ObservationCategoryCodes,Observation Category Codes,"Observation Category codes.","StructureDefinition/au-imagingresult,StructureDefinition/au-pathologyresult,StructureDefinition/au-norelevantfinding","THO"
http://hl7.org/fhir/ValueSet/observation-codes,4.0.1,draft,"2.16.840.1.113883.4.642.3.396",LOINCCodes,LOINC Codes,"This value set includes all LOINC codes","StructureDefinition/au-norelevantfinding,StructureDefinition/au-diagnosticresult","LOINC"
http://hl7.org/fhir/ValueSet/observation-interpretation,4.0.1,active,"2.16.840.1.113883.4.642.3.399",ObservationInterpretationCodes,Observation Interpretation Codes,"A categorical assessment, providing a rough qualitative interpretation of the observation value,    such as “normal”/ “abnormal”,”low” / “high”, “better” / “worse”, “susceptible” / “resistant”, “expected”/ “not expected”.    The value set is intended to be for ANY use where coded representation of an interpretation is needed.             Notes:          This is being communicated in v2.x in OBX-8 (Observation Interpretation), in v3 in ObservationInterpretation (CWE) in R1 (Representative Realm) and in FHIR in    Observation.interpretation. Historically these values come from the laboratory domain, and these codes are extensively    used. The value set binding is extensible, so codes outside the value set that are needed for interpretation concepts    (i.e. particular meanings) that are not included in the value set can be used, and these new codes may also be added to    the value set and published in a future version.","StructureDefinition/au-imagingresult,StructureDefinition/au-pathologyresult,StructureDefinition/au-norelevantfinding,StructureDefinition/au-diagnosticresult","THO (V3)"
http://hl7.org/fhir/ValueSet/observation-methods,4.0.1,draft,"2.16.840.1.113883.4.642.3.395",ObservationMethods,Observation Methods,"Observation Method codes from [SNOMED CT](http://snomed.info/sct) where concept is-a 272394005 (Technique (qualifier value)) or is-a 129264002 (Action (qualifier value)) or is-a 386053000 (Evaluation procedure(procedure))","StructureDefinition/au-imagingresult,StructureDefinition/au-pathologyresult,StructureDefinition/au-norelevantfinding,StructureDefinition/au-diagnosticresult","SCT"
http://hl7.org/fhir/ValueSet/observation-status,4.0.1,active,"2.16.840.1.113883.4.642.3.400",ObservationStatus,ObservationStatus,"Codes providing the status of an observation.","StructureDefinition/au-imagingresult,StructureDefinition/au-pathologyresult,StructureDefinition/au-norelevantfinding,StructureDefinition/au-diagnosticresult","hl7.fhir.r4.core"
http://hl7.org/fhir/ValueSet/participant-role,4.0.1,draft,"2.16.840.1.113883.4.642.3.152",ParticipantRoles,Participant Roles,"Roles of participants that may be included in a care team.  Defined as: Is a Person, Healthcare professional (occupation) or Healthcare related organization (qualifier value).","StructureDefinition/au-servicerequest","SCT"
http://hl7.org/fhir/ValueSet/performer-role,4.0.1,draft,"2.16.840.1.113883.4.642.3.433",ProcedurePerformerRoleCodes,Procedure Performer Role Codes,"This example value set defines the set of codes that can be used to indicate a role of a procedure performer.","StructureDefinition/au-medicationrequest,StructureDefinition/au-procedure","SCT"
http://hl7.org/fhir/ValueSet/procedure-category,4.0.1,draft,"2.16.840.1.113883.4.642.3.430",ProcedureCategoryCodes(SNOMEDCT),Procedure Category Codes (SNOMED CT),"Procedure Category code: A selection of relevant SNOMED CT codes.","StructureDefinition/au-procedure","SCT"
http://hl7.org/fhir/ValueSet/procedure-followup,4.0.1,draft,"2.16.840.1.113883.4.642.3.429",ProcedureFollowUpCodes(SNOMEDCT),Procedure Follow up Codes (SNOMED CT),"Procedure follow up codes: A selection of SNOMED CT codes relevant to procedure follow up.","StructureDefinition/au-procedure","SCT"
http://hl7.org/fhir/ValueSet/procedure-not-performed-reason,4.0.1,active,"2.16.840.1.113883.4.642.3.431",ProcedureNotPerformedReason(SNOMED-CT),Procedure Not Performed Reason (SNOMED-CT),"Situation codes describing the reason that a procedure, which might otherwise be expected, was not performed, or a procedure that was started and was not completed. Consists of SNOMED CT codes, children of procedure contraindicated (183932001), procedure discontinued (416406003), procedure not done (416237000), procedure not indicated (428119001), procedure not offered (416064006), procedure not wanted (416432009), procedure refused (183944003), and procedure stopped (394908001).","StructureDefinition/au-procedure","SCT"
http://hl7.org/fhir/ValueSet/procedure-outcome,4.0.1,draft,"2.16.840.1.113883.4.642.3.428",ProcedureOutcomeCodes(SNOMEDCT),Procedure Outcome Codes (SNOMED CT),"Procedure Outcome code: A selection of relevant SNOMED CT codes.","StructureDefinition/au-procedure","SCT"
http://hl7.org/fhir/ValueSet/procedure-reason,4.0.1,draft,"2.16.840.1.113883.4.642.3.432",ProcedureReasonCodes,Procedure Reason Codes,"This example value set defines the set of codes that can be used to indicate a reason for a procedure.","StructureDefinition/au-procedure","SCT"
http://hl7.org/fhir/ValueSet/program,4.0.1,draft,"2.16.840.1.113883.4.642.3.1383",Program,Program,"This value set defines an example set of codes that could be can be used to classify groupings of service-types/specialties.","StructureDefinition/au-healthcareservice","THO"
http://hl7.org/fhir/ValueSet/reaction-event-severity,4.0.1,draft,"2.16.840.1.113883.4.642.3.135",AllergyIntoleranceSeverity,AllergyIntoleranceSeverity,"Clinical assessment of the severity of a reaction event as a whole, potentially considering multiple different manifestations.","StructureDefinition/au-allergyintolerance","hl7.fhir.r4.core"
http://hl7.org/fhir/ValueSet/reason-medication-given-codes,4.0.1,draft,"2.16.840.1.113883.4.642.3.344",ReasonMedicationGivenCodes,Reason Medication Given Codes,"This value set is provided as an example. The value set to instantiate this attribute should be drawn from a robust terminology code system that consists of or contains concepts to support the medication process.","StructureDefinition/au-medicationadministration","THO"
http://hl7.org/fhir/ValueSet/reason-medication-not-given-codes,4.0.1,draft,"2.16.840.1.113883.4.642.3.342",SNOMEDCTReasonMedicationNotGivenCodes,SNOMED CT Reason Medication Not Given Codes,"This value set includes all medication refused, medication not administered, and non-administration of necessary drug or medicine codes from SNOMED CT - provided as an exemplar value set.","StructureDefinition/au-medicationadministration","SCT"
http://hl7.org/fhir/ValueSet/reason-medication-status-codes,4.0.1,draft,"2.16.840.1.113883.4.642.3.369",SNOMEDCTDrugTherapyStatusCodes,SNOMED CT Drug Therapy Status codes ,"This value set includes some taken and not taken reason codes from SNOMED CT - provided as an exemplar","StructureDefinition/au-medicationstatement","SCT"
http://hl7.org/fhir/ValueSet/referencerange-appliesto,4.0.1,draft,"2.16.840.1.113883.4.642.3.407",ObservationReferenceRangeAppliesToCodes,Observation Reference Range Applies To Codes,"This value set defines a set of codes that can be used to indicate the particular target population the reference range applies to.","StructureDefinition/au-imagingresult,StructureDefinition/au-pathologyresult,StructureDefinition/au-norelevantfinding,StructureDefinition/au-diagnosticresult","SCT"
http://hl7.org/fhir/ValueSet/referencerange-meaning,4.0.1,draft,"2.16.840.1.113883.4.642.3.397",ObservationReferenceRangeMeaningCodes,Observation Reference Range Meaning Codes,"This value set defines a set of codes that can be used to indicate the meaning/use of a reference range for a particular target population.","StructureDefinition/au-imagingresult,StructureDefinition/au-pathologyresult,StructureDefinition/au-norelevantfinding,StructureDefinition/au-diagnosticresult","THO"
http://hl7.org/fhir/ValueSet/request-intent,4.0.1,draft,"2.16.840.1.113883.4.642.3.113",RequestIntent,RequestIntent,"Codes indicating the degree of authority/intentionality associated with a request.","StructureDefinition/au-servicerequest,StructureDefinition/au-diagnosticrequest","hl7.fhir.r4.core"
http://hl7.org/fhir/ValueSet/request-priority,4.0.1,draft,"2.16.840.1.113883.4.642.3.115",RequestPriority,Request priority,"The clinical priority of a diagnostic order.","StructureDefinition/au-servicerequest,StructureDefinition/au-diagnosticrequest,StructureDefinition/au-medicationrequest","hl7.fhir.r4.core"
http://hl7.org/fhir/ValueSet/request-status,4.0.1,draft,"2.16.840.1.113883.4.642.3.111",RequestStatus,RequestStatus,"Codes identifying the lifecycle stage of a request.","StructureDefinition/au-servicerequest,StructureDefinition/au-diagnosticrequest","hl7.fhir.r4.core"
http://hl7.org/fhir/ValueSet/resource-types,4.0.1,active,"2.16.840.1.113883.4.642.3.27",ResourceType,ResourceType,"One of the resource types defined as part of this version of FHIR.","StructureDefinition/au-medicalrecordnumber,StructureDefinition/au-localdispenseidentifier,StructureDefinition/au-localreportidentifier,StructureDefinition/au-localprescriptionidentifier,StructureDefinition/au-pi,StructureDefinition/au-localorderidentifier,StructureDefinition/au-etpprescriptionidentifier,StructureDefinition/au-accessionnumber,StructureDefinition/au-employeenumber,StructureDefinition/au-insurancemembernumber","hl7.fhir.r4.core"
http://hl7.org/fhir/ValueSet/service-category,4.0.1,draft,"2.16.840.1.113883.4.642.3.516",ServiceCategory,Service category,"This value set defines an example set of codes that can be used to classify groupings of service-types/specialties.","StructureDefinition/au-healthcareservice","THO"
http://hl7.org/fhir/ValueSet/service-referral-method,4.0.1,draft,"2.16.840.1.113883.4.642.3.510",ReferralMethod,ReferralMethod,"The methods of referral can be used when referring to a specific HealthCareService resource.","StructureDefinition/au-healthcareservice","THO"
http://hl7.org/fhir/ValueSet/servicerequest-category,4.0.1,draft,"2.16.840.1.113883.4.642.3.434",ServiceRequestCategoryCodes,Service Request Category Codes,"An example value set of SNOMED CT concepts that can classify a requested service","StructureDefinition/au-servicerequest,StructureDefinition/au-diagnosticrequest","SCT"
http://hl7.org/fhir/ValueSet/servicerequest-orderdetail,4.0.1,draft,"2.16.840.1.113883.4.642.3.435",ServiceRequestOrderDetailsCodes,Service Request Order Details Codes,"An example value set of Codified order entry details concepts.  These concepts only make sense in the context of what is being ordered.  This example is for a patient ventilation order","StructureDefinition/au-servicerequest,StructureDefinition/au-diagnosticrequest","SCT"
http://hl7.org/fhir/ValueSet/specimen-container-type,4.0.1,draft,"2.16.840.1.113883.4.642.3.470",SpecimenContainerType,Specimen Container Type,"Checks on the patient prior specimen collection. All SNOMED CT concepts descendants of 706041008 |Device for body fluid and tissue collection/transfer/processing (physical object)|","StructureDefinition/au-specimen","SCT"
http://hl7.org/fhir/ValueSet/specimen-processing-procedure,4.0.1,draft,"2.16.840.1.113883.4.642.3.469",SpecimenProcessingProcedure,Specimen processing procedure,"The technique that is used to perform the process or preserve the specimen.","StructureDefinition/au-specimen","THO (V2)"
http://hl7.org/fhir/ValueSet/specimen-status,4.0.1,draft,"2.16.840.1.113883.4.642.3.471",SpecimenStatus,SpecimenStatus,"Codes providing the status/availability of a specimen.","StructureDefinition/au-specimen","hl7.fhir.r4.core"
http://hl7.org/fhir/ValueSet/subscriber-relationship,4.0.1,draft,"2.16.840.1.113883.4.642.3.1385",SubscriberRelationshipCodes,SubscriberPolicyholder Relationship Codes,"This value set includes codes for the relationship between the Subscriber and the Beneficiary (insured/covered party/patient).","StructureDefinition/au-coverage","THO"
http://hl7.org/fhir/ValueSet/substance-category,4.0.1,draft,"2.16.840.1.113883.4.642.3.476",SubstanceCategoryCodes,Substance Category Codes,"Substance category codes","StructureDefinition/au-substance","THO"
http://hl7.org/fhir/ValueSet/substance-status,4.0.1,draft,"2.16.840.1.113883.4.642.3.474",FHIRSubstanceStatus,FHIRSubstanceStatus,"A code to indicate if the substance is actively used.","StructureDefinition/au-substance","hl7.fhir.r4.core"
http://hl7.org/fhir/ValueSet/vaccine-code,4.0.1,active,"2.16.840.1.113883.3.88.12.80.22",VaccineAdministeredValueSet,Vaccine Administered Value Set,"This identifies the vaccine substance administered - CVX codes.","StructureDefinition/au-immunization","FHIR,Other"
http://terminology.hl7.org.au/ValueSet/accession-number-type,6.0.1-ci-build,active,"2.16.840.1.113883.2.3.4.2.4.23",AccessionNumberType,Accession Number Type,"Identifier types that may be associated with an accession number in an Australian context.","StructureDefinition/au-accessionnumber","THO (V2)"
http://terminology.hl7.org.au/ValueSet/amt-mp-codes,6.0.1-ci-build,retired,"2.16.840.1.113883.2.3.4.2.4.16",AMTMedicinalProductAndSubstances,AMT Medicinal Product and Substances,"The AMT Medicinal Product and Substances value set includes values that may be used to identify a substance or a medicinal product that is an ingredient of a medication. ",,"SCT"
http://terminology.hl7.org.au/ValueSet/au-coverage-type-extended,6.0.1-ci-build,active,"2.16.840.1.113883.2.3.4.2.4.40",CoverageTypeandSelfPayCodesAUExtended,Coverage Type and Self-Pay Codes - AU Extended,"Coverage type codes extended for use in an Australian context. Includes HL7 international codes plus Australian additions to create a complete set.","StructureDefinition/au-coverage","Internal,THO"
http://terminology.hl7.org.au/ValueSet/au-timezone,6.0.1-ci-build,active,"2.16.840.1.113883.2.3.4.2.4.27",AUTimeZone,AU Time Zone,"Australian time zones.","StructureDefinition/au-timezone,StructureDefinition/au-timezone-usage","Other"
http://terminology.hl7.org.au/ValueSet/contact-purpose,6.0.1-ci-build,active,"2.16.840.1.113883.2.3.4.2.4.19",ContactPurpose,Contact Purpose,"The purpose for which an associated contact can be reached.","StructureDefinition/contact-purpose,StructureDefinition/au-organization","Internal"
http://terminology.hl7.org.au/ValueSet/dva-entitlement,6.0.1-ci-build,active,"2.16.840.1.113883.2.3.4.2.4.22",DVAEntitlement,DVA Entitlement,"Entitlement types that may be associated with an individual's Department of Veterans’ Affairs (DVA) File Number on a DVA issued health card in an Australian context.","StructureDefinition/au-dvanumber","Internal"
http://terminology.hl7.org.au/ValueSet/jurisdiction-extended,6.0.1-ci-build,active,"2.16.840.1.113883.2.3.4.2.4.33",JurisdictionValueSetAUExtended,Jurisdiction ValueSet - AU Extended,"Jurisdiction ValueSet extended for use in an Australian context. Includes HL7 international codes plus Australian additions to create a complete set.",,"Other"
http://terminology.hl7.org.au/ValueSet/location-physical-type-extended,6.0.1-ci-build,active,"2.16.840.1.113883.2.3.4.2.4.25",LocationPhysicalTypeAUExtended,Location Type (Physical) - AU Extended,"Location type (physical) extended for use in an Australian context. Includes HL7 international codes plus Australian additions to create a complete set.","StructureDefinition/au-location","Internal"
http://terminology.hl7.org.au/ValueSet/medication-type,6.0.1-ci-build,active,"2.16.840.1.113883.2.3.4.2.4.1",MedicationType,Medication Type,"The Medication Type value set may be used to classify the nature of properties defined by the code e.g. branded product with no strength or form. This allows the distinction between codes provided containing container, pack, strength and form explicitly especially where terminologies supplied are unknown or terminology services are unavailable.","StructureDefinition/medication-type","Internal"
http://terminology.hl7.org.au/ValueSet/medicine-item-change,6.0.1-ci-build,active,"2.16.840.1.113883.2.3.4.2.4.6",MedicineItemChange,Medicine Item Change,"The Medicine Item Change value set includes values that may be used to identify that a change that has been made, or is recommended to be made, to a medicine item.","StructureDefinition/au-medlist","Internal"
http://terminology.hl7.org.au/ValueSet/mims,6.0.1-ci-build,active,"2.16.840.1.113883.2.3.4.2.4.7",MIMS,MIMS,"The MIMS value set includes all values from the Monthly Index of Medical Specialties (MIMS) published by MIMS Australia. Further details can be found at https://www.mims.com.au/.","StructureDefinition/au-medicationstatement,StructureDefinition/au-medicationrequest,StructureDefinition/au-medicationdispense,StructureDefinition/au-medication,StructureDefinition/au-medicationadministration","Internal"
http://terminology.hl7.org.au/ValueSet/name-context,6.0.1-ci-build,active,"2.16.840.1.113883.2.3.4.2.4.34",NameContext,Name Context,"The Name Context value set may be used to classify suitable uses or purposes of names.","StructureDefinition/name-context","Internal"
http://terminology.hl7.org.au/ValueSet/order-identifier-type,6.0.1-ci-build,active,"2.16.840.1.113883.2.3.4.2.4.24",OrderIdentifierType,Order Identifier Type,"Identifier types that may be associated with an order identifier in an Australian context.","StructureDefinition/au-localorderidentifier","THO (V2)"
http://terminology.hl7.org.au/ValueSet/pbs-item,6.0.1-ci-build,active,"2.16.840.1.113883.2.3.4.2.4.8",PBSItemCodes,PBS Item Codes,"The PBS Item Codes value set includes all values from Australian Pharmaceutical Benefits Scheme (PBS) schedule published by the Department of Health. Further details can be found at https://www.pbs.gov.au/pbs/.","StructureDefinition/au-medicationstatement,StructureDefinition/au-medicationrequest,StructureDefinition/au-medicationdispense,StructureDefinition/au-medication,StructureDefinition/au-medicationadministration","Internal"
http://terminology.hl7.org.au/ValueSet/rsg-source,6.0.1-ci-build,active,"2.16.840.1.113883.2.3.4.2.4.42",AURecordedSexOrGenderSource,AU Recorded Sex or Gender (RSG) Source,"The AU Recorded Sex or Gender (RSG) Source value set includes codes that can be used to represent the non-document source where the sex or gender value is recorded.",,"Internal"
http://terminology.hl7.org.au/ValueSet/rsg-source-document-type,6.0.1-ci-build,active,"2.16.840.1.113883.2.3.4.2.4.32",AURecordedSexOrGenderSourceDocumentType,AU Recorded Sex or Gender (RSG) Source Document Type,"The AU Recorded Sex or Gender (RSG) Source Document Type value set includes codes that can be used to represent the type of document where this sex or gender value is recorded.",,"Internal,LOINC"
http://terminology.hl7.org.au/ValueSet/rsg-type,6.0.1-ci-build,active,"2.16.840.1.113883.2.3.4.2.4.31",AURecordedSexOrGenderType,AU Recorded Sex or Gender Type,"The AU Recorded Sex or Gender Type value set includes codes that can be used to represent the type or category of sex or gender that is recorded.",,"SCT,Internal,LOINC"
http://terminology.hl7.org.au/ValueSet/service-provision-conditions,6.0.1-ci-build,active,"2.16.840.1.113883.2.3.4.2.4.2",ServiceProvisionConditionsAustralianConcepts,Service Provision Conditions Australian Concepts,"The Service Provision Conditions Australian Concepts value set includes values that may be used to identify the type of service provision conditions in an Australian context.","StructureDefinition/au-healthcareservice","Internal"
http://terminology.hl7.org.au/ValueSet/v2-0203-extended,6.0.1-ci-build,active,"2.16.840.1.113883.2.3.4.2.3.203",Hl7VSIdentifierTypeAUExtended,hl7VS-identifierType - AU Extended,"Extended value set of identifier types for use in an Australian context. Includes HL7 international codes plus Australian additions to create a complete set. NOTE: codes contained LACN Laboratory Accession ID and ACN Accession ID are exclusive concepts and not consider related in this terminology.",,"THO (V2),Internal"
http://terminology.hl7.org.au/ValueSet/v2-0360-extended,6.0.1-ci-build,active,"2.16.840.1.113883.2.3.4.2.3.360",Hl7VSDegreeLicenseCertificateAUExtended,hl7VS-degreeLicenseCertificate - AU Extended,"hl7VS-degreeLicenseCertificate extended for use in an Australian context. Includes HL7 international codes plus Australian additions to create a complete set.","StructureDefinition/au-practitioner","Internal"
http://terminology.hl7.org.au/ValueSet/v2-0443-extended,6.0.1-ci-build,active,"2.16.840.1.113883.2.3.4.2.3.443",Hl7VSProviderRoleAUExtended,hl7VS-providerRole - AU Extended,"hl7VS-providerRole extended for use in an Australian context. Includes HL7 international codes plus Australian additions to create a complete set.","StructureDefinition/au-immunization","THO (V2),Internal"
http://terminology.hl7.org.au/ValueSet/v3-ActEncounterCode-extended,6.0.1-ci-build,active,"2.16.840.1.113883.2.3.4.2.4.20",ActEncounterCodeAUExtended,ActEncounterCode - AU Extended,"v3 Act Encounter Code extended for use in an Australian context. Includes HL7 international codes plus Australian additions to create a complete set.","StructureDefinition/au-encounter","Internal"
http://terminology.hl7.org.au/ValueSet/v3-ServiceDeliveryLocationRoleType-extended,6.0.1-ci-build,active,"2.16.840.1.113883.2.3.4.2.4.26",ServiceDeliveryLocationRoleTypeAUExtended,ServiceDeliveryLocationRoleType - AU Extended,"ServiceDeliveryLocationRoleType extended for use in an Australian context. Includes HL7 international codes plus Australian additions to create a complete set.","StructureDefinition/au-location","Internal"
http://terminology.hl7.org/ValueSet/contactentity-type,2.0.0,active,"2.16.840.1.113883.4.642.3.416",ContactEntityType,Contact entity type,"This example value set defines a set of codes that can be used to indicate the purpose for which you would contact a contact party.","ValueSet/contact-purpose","THO"
http://terminology.hl7.org/ValueSet/jurisdiction,1.0.0,active,"2.16.840.1.113883.11.21029",JurisdictionValueSet,Jurisdiction ValueSet,"This value set defines a base set of codes for country, country subdivision and region    for indicating where a resource is intended to be used.             Note: The codes for countries and country subdivisions are taken from    [ISO 3166](https://www.iso.org/iso-3166-country-codes.html)    while the codes for ""supra-national"" regions are from    [UN Standard country or area codes for statistical use (M49)](http://unstats.un.org/unsd/methods/m49/m49.htm).","ValueSet/au-jurisdiction-extended","Other"
http://terminology.hl7.org/ValueSet/location-physical-type,1.0.1,active,"2.16.840.1.113883.4.642.3.328",LocationType,Location type,"This example value set defines a set of codes that can be used to indicate the physical form of the Location.","ValueSet/au-location-physical-type-extended","THO"
http://terminology.hl7.org/ValueSet/v2-0092,3.0.0,active,"2.16.840.1.113883.21.40",Hl7VSReAdmissionIndicator,hl7VS-re-admissionIndicator,"Value Set of codes which are used to specify that a patient is being re-admitted to a healthcare facility from which they were discharged, and indicates the circumstances around such re-admission.","StructureDefinition/au-encounter","THO (V2)"
http://terminology.hl7.org/ValueSet/v2-0116,3.0.0,active,"2.16.840.1.113883.21.51",Hl7VSBedStatus,hl7VS-bedStatus,"Value Set of codes that specify the state of a bed in an inpatient setting, and is used to determine if a patient may be assigned to it or not.","StructureDefinition/au-location","THO (V2)"
http://terminology.hl7.org/ValueSet/v2-0360,3.0.0,active,"2.16.840.1.113883.21.236",Hl7VSDegreeLicenseCertificate,hl7VS-degreeLicenseCertificate,"Concepts specifying an educational degree (e.g., MD).  Used in the CNN datatype (names and identifiers of clinicians) in Version 2 messaging.  Used in Version 2 messaging; note that in releases of HL7 prior to 2.3.1, was also used in person names (XPN), but this use was deprecated, then withdrawn in 2.7.","ValueSet/au-v2-0360-extended","THO (V2)"
http://terminology.hl7.org/ValueSet/v2-0371,3.0.0,active,"2.16.840.1.113883.21.245",Hl7VSAdditivePreservative,hl7VS-additivePreservative,"Concepts specifying any additive introduced to the specimen before or at the time of collection.  These additives may be introduced in order to preserve, maintain or enhance the particular nature or component of the specimen.  Used in Version 2 messaging in the SPM segment.","StructureDefinition/au-specimen","THO (V2)"
http://terminology.hl7.org/ValueSet/v2-0493,3.0.0,active,"2.16.840.1.113883.21.333",Hl7VSSpecimenCondition,hl7VS-specimenCondition,"Concepts of modes or states of being that describe the nature of a specimen.  Used in Version 2 messaging in the SPM segment.","StructureDefinition/au-specimen","THO (V2)"
http://terminology.hl7.org/ValueSet/v2-0916,3.0.0,active,"2.16.840.1.113883.21.440",Hl7VSRelevantClincialInformation,hl7VS-relevantClincialInformation,"Value Set of codes that specify additional clinical information about the patient or specimen to report the supporting and/or suspected diagnosis and clinical findings on requests for interpreted diagnostic studies.","StructureDefinition/au-specimen","THO (V2)"
http://terminology.hl7.org/ValueSet/v3-ActCode,3.0.0,active,,ActCode,v3 Code System ActCode,"A code specifying the particular kind of Act that the Act-instance represents within its class.  Constraints:  The kind of Act (e.g. physical examination, serum potassium, inpatient encounter, charge financial transaction, etc.) is specified with a code from one of several, typically external, coding systems.  The coding system will depend on the class of Act, such as LOINC for observations, etc. Conceptually, the Act.code must be a specialization of the Act.classCode. This is why the structure of ActClass domain should be reflected in the superstructure of the ActCode domain and then individual codes or externally referenced vocabularies subordinated under these domains that reflect the ActClass structure. Act.classCode and Act.code are not modifiers of each other but the Act.code concept should really imply the Act.classCode concept. For a negative example, it is not appropriate to use an Act.code ""potassium"" together with and Act.classCode for ""laboratory observation"" to somehow mean ""potassium laboratory observation"" and then use the same Act.code for ""potassium"" together with Act.classCode for ""medication"" to mean ""substitution of potassium"". This mutually modifying use of Act.code and Act.classCode is not permitted.","StructureDefinition/au-composition","THO (V3)"
http://terminology.hl7.org/ValueSet/v3-ActCoverageTypeCode,3.0.0,active,"2.16.840.1.113883.1.11.19855",ActCoverageTypeCode,ActCoverageTypeCode,"**Definition:** Set of codes indicating the type of insurance policy or program that pays for the cost of benefits provided to covered parties.","ValueSet/au-coverage-type-extended","THO (V3)"
http://terminology.hl7.org/ValueSet/v3-ActEncounterCode,3.0.0,active,"2.16.840.1.113883.1.11.13955",ActEncounterCode,ActEncounterCode,"Domain provides codes that qualify the ActEncounterClass (ENC)","StructureDefinition/au-encounter,ValueSet/au-v3-ActEncounterCode-extended","THO (V3)"
http://terminology.hl7.org/ValueSet/v3-ActPharmacySupplyType,3.0.0,active,"2.16.840.1.113883.1.11.16208",ActPharmacySupplyType,ActPharmacySupplyType,"Identifies types of dispensing events","StructureDefinition/au-medicationdispense","THO (V3)"
http://terminology.hl7.org/ValueSet/v3-ActPriority,3.0.0,active,"2.16.840.1.113883.1.11.16866",ActPriority,ActPriority,"A code or set of codes (e.g., for routine, emergency,) specifying the urgency under which the Act happened, can happen, is happening, is intended to happen, or is requested/demanded to happen.    *Discussion:* This attribute is used in orders to indicate the ordered priority, and in event documentation it indicates the actual priority used to perform the act. In definition mood it indicates the available priorities.","StructureDefinition/au-encounter","THO (V3)"
http://terminology.hl7.org/ValueSet/v3-ActSubstanceAdminSubstitutionCode,3.0.0,active,"2.16.840.1.113883.1.11.16621",ActSubstanceAdminSubstitutionCode,ActSubstanceAdminSubstitutionCode,"***No description***","StructureDefinition/au-medicationrequest,StructureDefinition/au-medicationdispense","THO (V3)"
http://terminology.hl7.org/ValueSet/v3-ConfidentialityClassification,2014-03-26,active,"2.16.840.1.113883.1.11.10228",v3.ConfidentialityClassification,V3 Value SetConfidentialityClassification," Set of codes used to value Act.Confidentiality and Role.Confidentiality attribute in accordance with the definition for concept domain ""Confidentiality"".","StructureDefinition/au-composition","THO (V3)"
http://terminology.hl7.org/ValueSet/v3-GTIN,3.0.0,active,"2.16.840.1.113883.1.11.19885",GTIN,GTIN,"**Description:**Global Trade Item Number is an identifier for trade items developed by GS1 (comprising the former EAN International and Uniform Code Council).","StructureDefinition/au-medicationstatement,StructureDefinition/au-medicationrequest,StructureDefinition/au-medicationdispense,StructureDefinition/au-medication,StructureDefinition/au-medicationadministration","THO (V3)"
http://terminology.hl7.org/ValueSet/v3-ServiceDeliveryLocationRoleType,3.0.0,active,"2.16.840.1.113883.1.11.17660",ServiceDeliveryLocationRoleType,ServiceDeliveryLocationRoleType,"A role of a place that further classifies the setting (e.g., accident site, road side, work site, community location) in which services are delivered.","StructureDefinition/au-servicerequest,ValueSet/au-v3-ServiceDeliveryLocationRoleType-extended,StructureDefinition/au-diagnosticrequest","THO (V3)"
https://healthterminologies.gov.au/fhir/ValueSet/adverse-reaction-agent-1,1.1.1,active,"1.2.36.1.2001.1004.201.10036",AdverseReactionAgent,Adverse Reaction Agent,"The Adverse Reaction Agent value set includes values that support the recording of agents that may be responsible for causing adverse reactions. It is a broad set encompassing medicinal and non-medicinal agents.","StructureDefinition/au-allergyintolerance","SCT"
https://healthterminologies.gov.au/fhir/ValueSet/adverse-reaction-clinical-manifestation-1,1.0.0,active,"1.2.36.1.2001.1004.201.10296",AdverseReactionClinicalManifestation,Adverse Reaction Clinical Manifestation,"The Adverse Reaction Clinical Manifestation value set supports the recording of clinical manifestations of adverse reactions (including allergies and intolerances).","StructureDefinition/au-allergyintolerance","SCT"
https://healthterminologies.gov.au/fhir/ValueSet/amt-vaccine-1,1.0.2,active,"1.2.36.1.2001.1004.201.10042",AustralianMedicinesTerminologyVaccine,Australian Medicines Terminology Vaccine,"The Australian Medicines Terminology (AMT) Vaccine value set includes AMT product concepts that may be used to record a vaccine product.","StructureDefinition/au-immunization","SCT"
https://healthterminologies.gov.au/fhir/ValueSet/assertion-of-absence-1,1.0.1,active,"1.2.36.1.2001.1004.201.10065",AssertionOfAbsence,Assertion Of Absence,"The Assertion Of Absence value set includes values to represent clinical statements that broadly assert a procedure has not been done or the absence of a finding.","StructureDefinition/au-norelevantfinding","SCT"
https://healthterminologies.gov.au/fhir/ValueSet/australian-immunisation-register-vaccine-1,1.0.2,active,"1.2.36.1.2001.1004.201.10043",AustralianImmunisationRegisterVaccine,Australian Immunisation Register Vaccine,"The Australian Immunisation Register Vaccine value set includes values that may be used to represent a vaccine product according to the Australian Immunisation Register vaccine code formats.","StructureDefinition/au-immunization","Other"
https://healthterminologies.gov.au/fhir/ValueSet/australian-indigenous-status-1,1.0.2,active,"1.2.36.1.2001.1004.201.10001",AustralianIndigenousStatus,Australian Indigenous Status,"The Australian Indigenous Status value set includes values to support the representation of a person's Indigenous status. That is, whether a person identifies as being of Aboriginal or Torres Strait Islander origin. The values are those concepts defined in the Australian Indigenous Status code system (https://healthterminologies.gov.au/fhir/CodeSystem/australian-indigenous-status-1).","StructureDefinition/indigenous-status","Other"
https://healthterminologies.gov.au/fhir/ValueSet/australian-medication-1,1.0.2,active,"1.2.36.1.2001.1004.201.10003",AustralianMedication,Australian Medication,"The Australian Medication value set includes all Australian Medicines Terminology (AMT) product concepts that may be used for the identification of a medicine, vaccine or other therapeutic good. This is suitable for the recording of a product which may be ordered for, administered to, or used by an individual.","StructureDefinition/au-medicationstatement,StructureDefinition/au-medicationrequest,StructureDefinition/au-medicationdispense,StructureDefinition/au-medication,StructureDefinition/au-medicationadministration","SCT"
https://healthterminologies.gov.au/fhir/ValueSet/australian-medication-use-1,1.0.0,active,"1.2.36.1.2001.1004.201.10303",AustralianMedicationUse,Australian Medication Use,"The Australian Medication Use value set extends the NCTS Australian Medication value set by including all Australian Medicines Terminology (AMT) product concepts that may be used for the identification of a medicine, vaccine or other therapeutic good, together with the concept 787481004 |No known medications| (SNOMED CT). This value set is suitable for recording the medication or asserting the absence of known medications in a Medication Statement.","StructureDefinition/au-medicationstatement","SCT"
https://healthterminologies.gov.au/fhir/ValueSet/australian-states-territories-2,2.0.2,active,"1.2.36.1.2001.1004.201.10026",AustralianStatesAndTerritories,Australian States and Territories,"The Australian States and Territories value set includes values that represent the Australian states and territories.","StructureDefinition/au-address","Other"
https://healthterminologies.gov.au/fhir/ValueSet/australian-veteran-status-1,1.0.0,active,"1.2.36.1.2001.1004.201.10282",AustralianVeteranStatus,Australian Veteran Status,"The Australian Veteran Status value set includes values to support the representation of a person's veteran status in the Australian Defence Force. The values are those concepts defined in the Australian Veteran Status code system (https://healthterminologies.gov.au/fhir/CodeSystem/australian-veteran-status-1).","StructureDefinition/veteran-status","Other"
https://healthterminologies.gov.au/fhir/ValueSet/body-site-1,1.0.2,active,"1.2.36.1.2001.1004.201.10031",BodySite,Body Site,"The Body Site value set includes values that cover a broad range of anatomical and acquired body structures suitable for identifying a body site.","StructureDefinition/au-bodystructure,StructureDefinition/au-condition,StructureDefinition/au-servicerequest,StructureDefinition/au-dosage,StructureDefinition/au-diagnosticrequest,StructureDefinition/au-imagingresult,StructureDefinition/au-specimen,StructureDefinition/au-procedure,StructureDefinition/au-medicationadministration","SCT"
https://healthterminologies.gov.au/fhir/ValueSet/body-site-relative-site-qualifier-1,1.0.0,active,"1.2.36.1.2001.1004.201.10238",BodySiteRelativeSiteQualifier,Body Site Relative Site Qualifier,"The Body Site Relative Site Qualifier value set includes values that may be used to represent a relative body site when qualifying an anatomical location.","StructureDefinition/au-bodystructure","SCT"
https://healthterminologies.gov.au/fhir/ValueSet/clinical-condition-1,1.0.2,active,"1.2.36.1.2001.1004.201.10035",ClinicalCondition,Clinical Condition,"The Clinical Condition value set includes values that cover a broad range of clinical concepts to support the representation of conditions, including problems, diagnoses and disorders.","StructureDefinition/au-condition","SCT"
https://healthterminologies.gov.au/fhir/ValueSet/clinical-finding-1,1.0.2,active,"1.2.36.1.2001.1004.201.10037",ClinicalFinding,Clinical Finding,"The Clinical Finding value set includes a broad range of values that support the recording of disorders and clinical findings, including observations, judgments or assessments about subjects of care.","StructureDefinition/au-condition,StructureDefinition/au-dosage,StructureDefinition/au-diagnosticreport,StructureDefinition/au-imagingreport,StructureDefinition/au-pathologyreport","SCT"
https://healthterminologies.gov.au/fhir/ValueSet/clinical-specialty-1,1.1.0,active,"1.2.36.1.2001.1004.201.10186",ClinicalSpecialty,Clinical Specialty,"The Clinical Specialty value set includes values that may be used to describe a clinical specialty performed by an entity.","StructureDefinition/au-healthcareservice,StructureDefinition/au-practitionerrole","SCT"
https://healthterminologies.gov.au/fhir/ValueSet/common-languages-australia-2,2.2.1,active,"1.2.36.1.2001.1004.201.10069",CommonLanguagesInAustralia,Common Languages in Australia,"The Common Languages in Australia value set includes languages that are commonly encountered in Australia, including a comprehensive set of Australian Indigenous languages.","StructureDefinition/au-healthcareservice,StructureDefinition/au-practitioner,StructureDefinition/au-relatedperson,StructureDefinition/au-patient","hl7.fhir.uv.xver-r5.r4"
https://healthterminologies.gov.au/fhir/ValueSet/concurrent-supply-grounds-1,1.0.0,active,"1.2.36.1.2001.1004.201.10245",ConcurrentSupplyGrounds,Concurrent Supply Grounds,"The Concurrent Supply Grounds value set includes values that may be used for the grounds that authorise a subsidy for the concurrent supply of an item specified in a prescription and all of its repeats.","StructureDefinition/subsidised-concurrent-supply","Other"
https://healthterminologies.gov.au/fhir/ValueSet/contact-relationship-type-3,3.1.0,active,"1.2.36.1.2001.1004.201.10187",ContactRelationshipType,Contact Relationship Type,"The Contact Relationship Type value set includes values that may be used to describe the nature of the relationship between the subject and the contact person.","StructureDefinition/au-patient","SCT"
https://healthterminologies.gov.au/fhir/ValueSet/date-accuracy-indicator-1,1.0.2,active,"1.2.36.1.2001.1004.201.10004",DateAccuracyIndicator,Date Accuracy Indicator,"The Date Accuracy Indicator value set includes values that indicate the accuracy of components of a reported date.","StructureDefinition/date-accuracy-indicator,StructureDefinition/date-of-arrival","Other"
https://healthterminologies.gov.au/fhir/ValueSet/encounter-type-1,1.0.1,active,"1.2.36.1.2001.1004.201.10086",EncounterType,Encounter Type,"The Encounter Type value set includes values that can be used to represent types of healthcare interactions.","StructureDefinition/au-encounter","SCT"
https://healthterminologies.gov.au/fhir/ValueSet/evaluation-procedure-1,1.0.0,active,"1.2.36.1.2001.1004.201.10182",EvaluationProcedure,Evaluation Procedure,"The Evaluation Procedure value set includes values that cover a broad range of procedures including specialist investigations, imaging procedures, pathology procedures, and other diagnostic investigations.","StructureDefinition/au-diagnosticreport,StructureDefinition/au-diagnosticrequest,StructureDefinition/au-diagnosticresult","SCT"
https://healthterminologies.gov.au/fhir/ValueSet/healthcare-organisation-role-type-1,1.1.0,active,"1.2.36.1.2001.1004.201.10112",HealthcareOrganisationRoleType,Healthcare Organisation Role Type,"The Healthcare Organisation Role Type value set includes values that can represent the role, use or function of a healthcare related organisation or facility.","StructureDefinition/au-organization","SCT"
https://healthterminologies.gov.au/fhir/ValueSet/ihi-record-status-1,1.0.2,active,"1.2.36.1.2001.1004.201.10022",IndividualHealthcareIdentifierRecordStatus,Individual Healthcare Identifier Record Status,"The Individual Healthcare Identifier Record Status value set includes values that may be used to describe the classification status of a record of an Individual Healthcare Identifier.","StructureDefinition/ihi-record-status","Other"
https://healthterminologies.gov.au/fhir/ValueSet/ihi-status-1,1.0.2,active,"1.2.36.1.2001.1004.201.10021",IndividualHealthcareIdentifierStatus,Individual Healthcare Identifier Status,"The Individual Healthcare Identifier Status value set includes values that may be used to describe the classification status of an Individual Healthcare Identifier.","StructureDefinition/ihi-status","Other"
https://healthterminologies.gov.au/fhir/ValueSet/imaging-anatomic-region-of-interest-1,1.0.0,active,"1.2.36.1.2001.1004.201.10239",ImagingAnatomicRegionOfInterest,Imaging Anatomic Region Of Interest,"The Imaging Anatomic Region of Interest value set includes values that may be used to represent the anatomic area of interest of a diagnostic imaging procedure.","StructureDefinition/au-imagingresult","SCT"
https://healthterminologies.gov.au/fhir/ValueSet/imaging-procedure-1,1.0.2,active,"1.2.36.1.2001.1004.201.10034",ImagingProcedure,Imaging Procedure,"The Imaging Procedure value set includes values that support the representation of medical imaging procedures.","StructureDefinition/au-imagingreport,StructureDefinition/au-imagingresult","SCT"
https://healthterminologies.gov.au/fhir/ValueSet/immunisation-anatomical-site-1,1.0.2,active,"1.2.36.1.2001.1004.201.10045",ImmunisationAnatomicalSite,Immunisation Anatomical Site,"The Immunisation Anatomical Site value set includes values that can be used to describe the anatomical site where an immunisation may be administered.","StructureDefinition/au-immunization","SCT"
https://healthterminologies.gov.au/fhir/ValueSet/immunisation-route-of-administration-1,1.0.2,active,"1.2.36.1.2001.1004.201.10050",ImmunisationRouteOfAdministration,Immunisation Route of Administration,"The Immunisation Route of Administration value set includes values that can be used to describe the route by which a vaccine is administered.","StructureDefinition/au-immunization","SCT"
https://healthterminologies.gov.au/fhir/ValueSet/indicator-hypersensitivity-intolerance-to-substance-2,2.1.0,active,"1.2.36.1.2001.1004.201.10087",IndicatorOfHypersensitivityOrIntoleranceToSubstance,Indicator of Hypersensitivity or Intolerance to Substance,"The Indicator of Hypersensitivity or Intolerance to Substance value set includes values that may be used to indicate or state a propensity to adverse reaction to a substance. The values represent a range of concept types such as substances, medicines, clinical findings and negated allergy findings.","StructureDefinition/au-allergyintolerance","SCT"
https://healthterminologies.gov.au/fhir/ValueSet/medication-form-1,1.1.1,active,"1.2.36.1.2001.1004.201.10046",MedicationForm,Medication Form,"The Medication Form value set includes values that represent the dose form of a medication.","StructureDefinition/au-medication","SCT"
https://healthterminologies.gov.au/fhir/ValueSet/medication-ingredient-1,1.0.0,active,"1.2.36.1.2001.1004.201.10295",MedicationIngredient,Medication Ingredient,"The Medication Ingredient value set includes values that may be used to identify a substance or a medicinal product that is an ingredient of a medication.","StructureDefinition/au-medication","SCT"
https://healthterminologies.gov.au/fhir/ValueSet/medication-reason-taken-1,1.1.0,active,"1.2.36.1.2001.1004.201.10048",MedicationReasonTaken,Medication Reason Taken,"The Medication Reason Taken value set includes values that identify a reason why a medication has been or is being taken.","StructureDefinition/au-medicationstatement","SCT"
https://healthterminologies.gov.au/fhir/ValueSet/medicine-substitution-reason-1,1.0.1,active,"1.2.36.1.2001.1004.201.10067",MedicineSubstitutionReason,Medicine Substitution Reason,"The Medicine Substitution Reason value set includes values that may be used to record the reason for medicine substitution.","StructureDefinition/au-medicationrequest,StructureDefinition/au-medicationdispense","SCT"
https://healthterminologies.gov.au/fhir/ValueSet/pathology-diagnostic-service-category-1,1.0.0,active,"1.2.36.1.2001.1004.201.10180",PathologyDiagnosticServiceCategory,Pathology Diagnostic Service Category,"The Pathology Diagnostic Service Category value set includes values that may be used to indicate the diagnostic service where a pathology observation was performed.","StructureDefinition/au-pathologyreport,StructureDefinition/au-pathologyresult","THO (V2)"
https://healthterminologies.gov.au/fhir/ValueSet/practitioner-role-1,1.0.2,active,"1.2.36.1.2001.1004.201.10028",PractitionerRole,Practitioner Role,"The Practitioner Role value set includes values that describe the role that a practitioner is authorised to perform within an organisation.","StructureDefinition/au-diagnosticrequest,StructureDefinition/au-practitionerrole","SCT"
https://healthterminologies.gov.au/fhir/ValueSet/procedure-1,1.0.2,active,"1.2.36.1.2001.1004.201.10033",Procedure,Procedure,"The Procedure value set includes values that cover a broad range of procedures and clinical interventions that can be associated with a subject of care.","StructureDefinition/au-servicerequest,StructureDefinition/au-procedure","SCT"
https://healthterminologies.gov.au/fhir/ValueSet/reason-for-encounter-1,1.0.0,active,"1.2.36.1.2001.1004.201.10210",ReasonForEncounter,Reason For Encounter,"The Reason For Encounter value set includes values that can be used to represent the reason an encounter takes place.","StructureDefinition/au-encounter","SCT"
https://healthterminologies.gov.au/fhir/ValueSet/reason-for-request-1,1.0.1,active,"1.2.36.1.2001.1004.201.10078",ReasonForRequest,Reason for Request,"The Reason for Request value set includes values that can be used to indicate the rationale for a request. For example, this may include the reason for requesting a service or diagnostic procedure.","StructureDefinition/au-servicerequest,StructureDefinition/au-diagnosticrequest,StructureDefinition/au-medicationrequest","SCT"
https://healthterminologies.gov.au/fhir/ValueSet/reason-vaccine-administered-1,1.0.2,active,"1.2.36.1.2001.1004.201.10058",ReasonVaccineAdministered,Reason Vaccine Administered,"The Reason Vaccine Administered value set includes values that describe why a vaccine may be administered.","StructureDefinition/au-immunization","SCT"
https://healthterminologies.gov.au/fhir/ValueSet/reason-vaccine-not-administered-3,3.0.0,active,"1.2.36.1.2001.1004.201.10269",ReasonVaccineNotAdministered,Reason Vaccine Not Administered,"The Reason Vaccine Not Administered value set includes values that describe why a vaccine was not administered.","StructureDefinition/au-immunization","SCT"
https://healthterminologies.gov.au/fhir/ValueSet/related-person-relationship-type-1,1.2.2,active,"1.2.36.1.2001.1004.201.10016",RelatedPersonRelationshipType,Related Person Relationship Type,"The Related Person Relationship Type value set includes values that may be used to describe the nature of the relationship between the subject and the related person.","StructureDefinition/au-relatedperson","SCT"
https://healthterminologies.gov.au/fhir/ValueSet/route-of-administration-1,1.0.2,active,"1.2.36.1.2001.1004.201.10041",RouteOfAdministration,Route of Administration,"The Route of Administration value set includes values that describe the route by which a medicine may be administered.","StructureDefinition/au-dosage,StructureDefinition/au-medicationadministration,StructureDefinition/au-allergyintolerance","SCT"
https://healthterminologies.gov.au/fhir/ValueSet/separation-mode-1,1.0.1,active,"1.2.36.1.2001.1004.201.10070",SeparationMode,Separation Mode,"The Separation Mode value set includes values that can be used to indicate the category of discharge of a patient. Separation refers to the process by which an episode of care for an admitted patient ceases.","StructureDefinition/au-encounter","Other"
https://healthterminologies.gov.au/fhir/ValueSet/service-type-1,1.0.0,active,"1.2.36.1.2001.1004.201.10184",ServiceType,Service Type,"The Service Type value set includes values that describe a broad range of service types.","StructureDefinition/au-healthcareservice,StructureDefinition/au-encounter","SCT"
https://healthterminologies.gov.au/fhir/ValueSet/specimen-collection-procedure-1,1.0.2,active,"1.2.36.1.2001.1004.201.10053",SpecimenCollectionProcedure,Specimen Collection Procedure,"The Specimen Collection Procedure value set includes values to represent the method by which a specimen was collected.","StructureDefinition/au-specimen","SCT"
https://healthterminologies.gov.au/fhir/ValueSet/specimen-type-1,1.0.2,active,"1.2.36.1.2001.1004.201.10054",SpecimenType,Specimen Type,"The Specimen Type value set includes values to represent a specimen collected or tested in a pathological investigation.","StructureDefinition/au-specimen","SCT"
https://healthterminologies.gov.au/fhir/ValueSet/spia-pathology-reporting-1,1.0.0,active,"1.2.36.1.2001.1004.201.10214",RCPASPIAPathologyReporting,RCPA SPIA Pathology Reporting,"The RCPA SPIA Pathology Reporting value set includes standard codes for use in reporting chemical pathology, haematology, immunopathology and microbiology serology results in Australia. The values represent the observables against which results are reported. It combines several Royal College of Pathologists of Australasia (RCPA) Standards for Pathology Informatics in Australia (SPIA) value sets. The composition of this value set, in referencing other value sets, does not transiently include the designations and displays defined in the referenced value sets.","StructureDefinition/au-pathologyreport,StructureDefinition/au-pathologyresult",
https://healthterminologies.gov.au/fhir/ValueSet/substance-1,1.0.1,active,"1.2.36.1.2001.1004.201.10090",Substance,Substance,"The Substance value set includes values that support the representation of a broad range of substances. Included are the broadest range of substance values typically available in SNOMED CT along with the medicinal substances from the Australian Medicines Terminology.","ValueSet/amt-mp-codes,StructureDefinition/au-substance","SCT"
https://healthterminologies.gov.au/fhir/ValueSet/vaccination-target-disease-1,1.0.2,active,"1.2.36.1.2001.1004.201.10059",VaccinationTargetDisease,Vaccination Target Disease,"The Vaccination Target Disease value set includes values that can represent vaccine preventable diseases. The content coverage includes diseases caused by a microorganism or bacterial toxin.","StructureDefinition/au-immunization","SCT"
https://www.rcpa.edu.au/fhir/ValueSet/spia-chemical-pathology-refset-3,3.20260228.0,active,"1.2.36.1.2001.1004.300.100.1001",spia-chemical-pathology-refset,RCPA - SPIA Chemical Pathology Value Set,"Standard codes for use in reporting chemical pathology results in Australia. Content is derived from the RCPA Standardised Pathology Informatics in Australia (SPIA) Guidelines. See: https://www.rcpa.edu.au/Library/Practising-Pathology/PTIS/SPIA-Terminology-Reference","StructureDefinition/au-pathologyresult","LOINC"
https://www.rcpa.edu.au/fhir/ValueSet/spia-haematology-refset-3,3.20260531.0,active,"1.2.36.1.2001.1004.300.100.1007",spia-haematology-refset,RCPA - SPIA Haematology Value Set,"Standard codes for use in reporting haematology pathology results in Australia. Content is derived from the RCPA Standardised Pathology Informatics in Australia (SPIA) Guidelines. See: https://www.rcpa.edu.au/Library/Practising-Pathology/PTIS/SPIA-Terminology-Reference","StructureDefinition/au-pathologyresult","LOINC"
https://www.rcpa.edu.au/fhir/ValueSet/spia-immunopathology-refset-3,3.20251231.1,active,"1.2.36.1.2001.1004.300.100.1009",spia-immunopathology-refset,RCPA - SPIA Immunopathology Value Set,"Standard codes for use in reporting immunopathology results in Australia. Content is derived from the RCPA Standardised Pathology Informatics in Australia (SPIA) Guidelines. See: https://www.rcpa.edu.au/Library/Practising-Pathology/PTIS/SPIA-Terminology-Reference","StructureDefinition/au-pathologyresult","LOINC"
https://www.rcpa.edu.au/fhir/ValueSet/spia-microbiology-serology-molecular-refset-3,3.20251231.1,active,"1.2.36.1.2001.1004.300.100.1004",spia-microbiology-serology-molecular-refset,RCPA - SPIA Microbiology Serology Molecular Pathology Value Set,"Standard codes for use in reporting microbiology pathology results in Australia. Content is derived from the RCPA Standardised Pathology Informatics in Australia (SPIA) Guidelines. See: https://www.rcpa.edu.au/Library/Practising-Pathology/PTIS/SPIA-Terminology-Reference","StructureDefinition/au-pathologyresult","LOINC"
